color_hex,shape,sound,label
#F2CE14,shape_1,sound_4,happy
#F7EC03,shape_1,sound_4,happy
#FCF10B,shape_9,sound_2,happy
#ECCC0E,shape_4,sound_7,happy
#F3C806,shape_1,sound_2,happy
#F8DE10,shape_2,sound_7,happy
#EFD623,shape_2,sound_7,happy
#F9CF01,shape_1,sound_7,happy
#EDE400,shape_9,sound_7,happy
#F7DA04,shape_4,sound_2,happy
#F8DE20,shape_2,sound_7,happy
#F7D50B,shape_9,sound_4,happy
#FCF017,shape_2,sound_7,happy
#F8D40C,shape_2,sound_7,happy
#F7D517,shape_1,sound_7,happy
#EDCD18,shape_2,sound_4,happy
#F1D408,shape_4,sound_2,happy
#F4E70E,shape_2,sound_7,happy
#FCD618,shape_1,sound_2,happy
#F7E706,shape_9,sound_7,happy
#F5DF0B,shape_9,sound_2,happy
#FDD510,shape_1,sound_7,happy
#F1E510,shape_2,sound_7,happy
#F8EC16,shape_1,sound_7,happy
#F0E812,shape_9,sound_7,happy
#F4DD00,shape_9,sound_7,happy
#EECE08,shape_2,sound_2,happy
#EBD913,shape_1,sound_10,happy
#F1DF02,shape_1,sound_4,happy
#F1CD21,shape_1,sound_4,happy
#FCD414,shape_1,sound_4,happy
#FEF500,shape_2,sound_4,happy
#F8D50A,shape_2,sound_2,happy
#FDDE1E,shape_4,sound_2,happy
#EFDF1E,shape_1,sound_10,happy
#F7DF19,shape_9,sound_10,happy
#ECDA02,shape_4,sound_4,happy
#EACC0F,shape_2,sound_10,happy
#F0DD22,shape_4,sound_4,happy
#F0E30C,shape_1,sound_2,happy
#F6EE16,shape_4,sound_4,happy
#EADA23,shape_9,sound_2,happy
#F2CE1E,shape_9,sound_10,happy
#FDEE0C,shape_1,sound_10,happy
#F7E420,shape_6,sound_4,happy
#EDCE03,shape_4,sound_4,happy
#FAEA0A,shape_4,sound_2,happy
#EDD205,shape_9,sound_10,happy
#F5E317,shape_9,sound_4,happy
#FCE808,shape_2,sound_2,happy
#FCE205,shape_9,sound_2,happy
#FEE40A,shape_2,sound_2,happy
#F3D20D,shape_2,sound_2,happy
#F8D30F,shape_10,sound_2,happy
#EBDB1D,shape_2,sound_10,happy
#ECCF00,shape_9,sound_4,happy
#F1D31B,shape_2,sound_10,happy
#F7E40F,shape_9,sound_10,happy
#EDCB1E,shape_1,sound_10,happy
#EFDD0A,shape_9,sound_4,happy
#F0E600,shape_4,sound_4,happy
#F0CA16,shape_5,sound_4,happy
#F5E60B,shape_1,sound_4,happy
#FCE706,shape_1,sound_4,happy
#EEDB1D,shape_9,sound_10,happy
#FBE51B,shape_9,sound_10,happy
#F9ED22,shape_4,sound_10,happy
#EEDB20,shape_2,sound_10,happy
#EBC315,shape_1,sound_4,happy
#EECF09,shape_4,sound_2,happy
#ECCF06,shape_2,sound_10,happy
#F3EA1D,shape_4,sound_2,happy
#FEEE0C,shape_4,sound_2,happy
#EFD120,shape_1,sound_10,happy
#FDD311,shape_2,sound_10,happy
#F0E006,shape_2,sound_10,happy
#F3D30C,shape_2,sound_10,happy
#ECCB0F,shape_4,sound_2,happy
#FEE108,shape_4,sound_10,happy
#FCE921,shape_9,sound_10,happy
#F9E813,shape_9,sound_2,happy
#F8D118,shape_4,sound_2,happy
#F1CD18,shape_9,sound_2,happy
#F1EA17,shape_2,sound_2,happy
#F1E414,shape_1,sound_2,happy
#FCF21A,shape_2,sound_2,happy
#FBE50E,shape_2,sound_4,happy
#FED512,shape_4,sound_2,happy
#F5E31D,shape_1,sound_2,happy
#FCED02,shape_2,sound_2,happy
#FED81C,shape_9,sound_2,happy
#FDF312,shape_9,sound_4,happy
#ECD707,shape_9,sound_2,happy
#F5E701,shape_1,sound_4,happy
#FAEC16,shape_9,sound_10,happy
#F0D20F,shape_2,sound_4,happy
#FDDE14,shape_9,sound_4,happy
#F9F11C,shape_2,sound_2,happy
#EFE51B,shape_4,sound_10,happy
#FDE00D,shape_9,sound_10,happy
#FBF30D,shape_9,sound_4,happy
#FCF208,shape_1,sound_2,happy
#EEDC15,shape_4,sound_10,happy
#F9E418,shape_4,sound_2,happy
#EDC31A,shape_4,sound_10,happy
#FDE61C,shape_2,sound_2,happy
#FCF222,shape_9,sound_4,happy
#F4D819,shape_9,sound_2,happy
#FBD423,shape_9,sound_4,happy
#F1CE02,shape_9,sound_4,happy
#EDE315,shape_1,sound_2,happy
#FBDB1C,shape_2,sound_10,happy
#ECE21C,shape_4,sound_2,happy
#F6EC1F,shape_4,sound_10,happy
#F7E80E,shape_9,sound_2,happy
#F1C703,shape_2,sound_2,happy
#EEE511,shape_4,sound_4,happy
#F0C300,shape_1,sound_2,happy
#F4D70E,shape_9,sound_4,happy
#EDDD17,shape_4,sound_2,happy
#F0DB0E,shape_9,sound_2,happy
#FCE815,shape_9,sound_10,happy
#F8E50D,shape_4,sound_2,happy
#FBE51E,shape_9,sound_4,happy
#EED513,shape_9,sound_10,happy
#F5CB0A,shape_9,sound_10,happy
#EDCC1B,shape_1,sound_10,happy
#F2D20E,shape_4,sound_4,happy
#F1D81C,shape_9,sound_10,happy
#FCDD0D,shape_1,sound_2,happy
#F4D901,shape_4,sound_2,happy
#F4E406,shape_2,sound_10,happy
#F0D90F,shape_4,sound_10,happy
#F1D022,shape_9,sound_4,happy
#EFC90A,shape_2,sound_4,happy
#F2D00E,shape_4,sound_10,happy
#EDD619,shape_9,sound_10,happy
#F7D317,shape_9,sound_2,happy
#F6D70D,shape_2,sound_10,happy
#FEDD20,shape_9,sound_2,happy
#F1EA0B,shape_4,sound_10,happy
#EFCE20,shape_1,sound_2,happy
#F3C70D,shape_4,sound_2,happy
#FCE716,shape_1,sound_2,happy
#FDD40A,shape_2,sound_10,happy
#F0DA0A,shape_4,sound_2,happy
#ECC205,shape_2,sound_2,happy
#F3C403,shape_4,sound_4,happy
#EEDE02,shape_9,sound_10,happy
#EFE101,shape_4,sound_10,happy
#F5D320,shape_7,sound_10,happy
#EEDF0D,shape_9,sound_10,happy
#F0DD17,shape_4,sound_10,happy
#EFD518,shape_4,sound_10,happy
#F1E608,shape_2,sound_10,happy
#F7D421,shape_4,sound_4,happy
#F9D61F,shape_1,sound_10,happy
#EBDA22,shape_4,sound_10,happy
#F9DD20,shape_2,sound_4,happy
#FEED1F,shape_4,sound_4,happy
#FCCC0D,shape_1,sound_2,happy
#ECD214,shape_1,sound_4,happy
#F0CE15,shape_1,sound_10,happy
#F8D913,shape_4,sound_10,happy
#EEDD18,shape_9,sound_10,happy
#F2D106,shape_4,sound_2,happy
#F3E320,shape_2,sound_4,happy
#FBD024,shape_7,sound_2,happy
#FCE709,shape_9,sound_4,happy
#FED917,shape_9,sound_4,happy
#F3CE10,shape_1,sound_4,happy
#FEE91D,shape_9,sound_10,happy
#F2DD11,shape_4,sound_4,happy
#FEEA0D,shape_9,sound_4,happy
#EFC81E,shape_9,sound_2,happy
#F4C917,shape_4,sound_10,happy
#EFCA18,shape_2,sound_10,happy
#FED20A,shape_2,sound_10,happy
#FDDA25,shape_2,sound_10,happy
#F5CF18,shape_1,sound_10,happy
#F8D018,shape_9,sound_2,happy
#F9E417,shape_3,sound_4,happy
#FDD513,shape_4,sound_2,happy
#EFE815,shape_9,sound_10,happy
#FBD520,shape_4,sound_2,happy
#F1D31B,shape_4,sound_2,happy
#ECDA1B,shape_9,sound_2,happy
#F2DD15,shape_4,sound_4,happy
#F6E624,shape_2,sound_2,happy
#F9CF0B,shape_4,sound_4,happy
#F0CA20,shape_2,sound_2,happy
#F8EE0B,shape_2,sound_10,happy
#EFC310,shape_1,sound_4,happy
#ECDB13,shape_1,sound_4,happy
#F2C302,shape_9,sound_2,happy
#F2C304,shape_4,sound_4,happy
#F8D120,shape_1,sound_10,happy
#FDD00C,shape_4,sound_2,happy
#FDE422,shape_2,sound_2,happy
#F1D60E,shape_4,sound_4,happy
#172175,shape_1,sound_7,sad
#15204F,shape_2,sound_6,sad
#2F5D86,shape_1,sound_8,sad
#16497C,shape_5,sound_7,sad
#313758,shape_5,sound_7,sad
#495E7D,shape_5,sound_7,sad
#1C2745,shape_1,sound_7,sad
#194387,shape_1,sound_7,sad
#2D5886,shape_5,sound_8,sad
#2C537C,shape_1,sound_7,sad
#202753,shape_7,sound_7,sad
#273056,shape_7,sound_8,sad
#294763,shape_2,sound_7,sad
#172853,shape_7,sound_7,sad
#22426B,shape_7,sound_7,sad
#1F2C46,shape_5,sound_8,sad
#151837,shape_5,sound_6,sad
#1C2039,shape_5,sound_8,sad
#405D71,shape_5,sound_6,sad
#1B3663,shape_1,sound_7,sad
#1E2234,shape_1,sound_7,sad
#345579,shape_7,sound_7,sad
#142450,shape_2,sound_6,sad
#12314C,shape_5,sound_6,sad
#224661,shape_1,sound_7,sad
#16263D,shape_7,sound_7,sad
#0E1E37,shape_7,sound_8,sad
#133657,shape_1,sound_8,sad
#0F1E3C,shape_7,sound_8,sad
#1F3B61,shape_5,sound_6,sad
#0B144D,shape_5,sound_8,sad
#242948,shape_7,sound_6,sad
#162635,shape_7,sound_8,sad
#3D4867,shape_2,sound_8,sad
#16406D,shape_1,sound_6,sad
#0C2552,shape_1,sound_8,sad
#1D3855,shape_1,sound_8,sad
#384B5F,shape_1,sound_6,sad
#234371,shape_1,sound_8,sad
#50558A,shape_7,sound_6,sad
#2A4165,shape_2,sound_8,sad
#0F133B,shape_2,sound_6,sad
#091B33,shape_7,sound_8,sad
#445B74,shape_5,sound_6,sad
#4F5F86,shape_7,sound_8,sad
#132376,shape_7,sound_8,sad
#293268,shape_5,sound_8,sad
#304F7D,shape_5,sound_6,sad
#445971,shape_7,sound_8,sad
#1E3B70,shape_5,sound_6,sad
#1A2472,shape_2,sound_6,sad
#0C1453,shape_1,sound_6,sad
#2F4C6C,shape_7,sound_6,sad
#3E5F7F,shape_7,sound_6,sad
#3E4B7E,shape_2,sound_6,sad
#102651,shape_2,sound_8,sad
#192165,shape_1,sound_8,sad
#193651,shape_5,sound_6,sad
#222744,shape_2,sound_8,sad
#33455C,shape_7,sound_8,sad
#2A537E,shape_1,sound_8,sad
#19286B,shape_5,sound_6,sad
#16548A,shape_2,sound_6,sad
#356488,shape_1,sound_8,sad
#293E6E,shape_7,sound_8,sad
#171D45,shape_7,sound_8,sad
#171F69,shape_5,sound_8,sad
#2D547B,shape_1,sound_6,sad
#151E6D,shape_5,sound_6,sad
#1D3851,shape_2,sound_8,sad
#13375B,shape_5,sound_6,sad
#181F49,shape_2,sound_6,sad
#182336,shape_2,sound_6,sad
#0C1644,shape_5,sound_8,sad
#12273A,shape_5,sound_6,sad
#164085,shape_2,sound_8,sad
#414A79,shape_7,sound_8,sad
#0E195C,shape_5,sound_8,sad
#212E3D,shape_1,sound_8,sad
#103E60,shape_7,sound_8,sad
#19346B,shape_1,sound_8,sad
#213278,shape_1,sound_8,sad
#365282,shape_5,sound_6,sad
#303959,shape_5,sound_6,sad
#212C3F,shape_2,sound_6,sad
#3C6281,shape_7,sound_8,sad
#1A2A83,shape_5,sound_6,sad
#2E5879,shape_5,sound_8,sad
#13293E,shape_2,sound_8,sad
#4C5686,shape_8,sound_6,sad
#2E3A62,shape_2,sound_6,sad
#131F3F,shape_7,sound_6,sad
#4B6089,shape_1,sound_8,sad
#0D1E48,shape_5,sound_6,sad
#1C5483,shape_5,sound_8,sad
#0F1C40,shape_7,sound_8,sad
#3A4063,shape_7,sound_8,sad
#132A74,shape_7,sound_6,sad
#18348C,shape_5,sound_8,sad
#2D4C69,shape_7,sound_8,sad
#111B3F,shape_5,sound_8,sad
#20456D,shape_2,sound_6,sad
#202A3A,shape_1,sound_6,sad
#1D2640,shape_2,sound_6,sad
#335272,shape_7,sound_6,sad
#2F4688,shape_2,sound_6,sad
#1B2137,shape_2,sound_6,sad
#0C153C,shape_5,sound_6,sad
#112E52,shape_1,sound_6,sad
#141B4F,shape_2,sound_8,sad
#232F55,shape_2,sound_8,sad
#172239,shape_5,sound_6,sad
#3E6081,shape_5,sound_6,sad
#1E2E4C,shape_7,sound_8,sad
#1D243A,shape_1,sound_6,sad
#294574,shape_7,sound_6,sad
#343D5D,shape_5,sound_6,sad
#0F2841,shape_7,sound_8,sad
#1F3C78,shape_1,sound_8,sad
#212F4F,shape_7,sound_6,sad
#3D4377,shape_5,sound_6,sad
#0E1740,shape_7,sound_8,sad
#1C344B,shape_2,sound_8,sad
#333B7D,shape_1,sound_6,sad
#212C38,shape_7,sound_8,sad
#1B3666,shape_2,sound_6,sad
#2B3451,shape_6,sound_8,sad
#4A5E80,shape_5,sound_8,sad
#192347,shape_1,sound_6,sad
#293F70,shape_1,sound_8,sad
#3C4266,shape_5,sound_6,sad
#1F4E79,shape_5,sound_6,sad
#2C455F,shape_5,sound_6,sad
#435E86,shape_5,sound_6,sad
#2D3C7B,shape_5,sound_6,sad
#1F2E3F,shape_7,sound_6,sad
#1F2964,shape_7,sound_8,sad
#30425C,shape_2,sound_6,sad
#152938,shape_5,sound_8,sad
#33537E,shape_7,sound_6,sad
#1E2650,shape_2,sound_8,sad
#124278,shape_4,sound_6,sad
#2F3D6E,shape_2,sound_6,sad
#1E5080,shape_5,sound_6,sad
#101B3E,shape_5,sound_6,sad
#223053,shape_2,sound_6,sad
#2F4965,shape_1,sound_8,sad
#141A54,shape_7,sound_8,sad
#234B74,shape_7,sound_6,sad
#182A5F,shape_2,sound_6,sad
#1F3D77,shape_7,sound_6,sad
#364B8B,shape_7,sound_8,sad
#315C82,shape_2,sound_8,sad
#192634,shape_1,sound_6,sad
#17226E,shape_1,sound_6,sad
#172039,shape_7,sound_6,sad
#225885,shape_1,sound_8,sad
#1D2C7E,shape_2,sound_6,sad
#163B7A,shape_2,sound_8,sad
#31557F,shape_7,sound_6,sad
#34495C,shape_1,sound_6,sad
#1D3353,shape_5,sound_6,sad
#0E1B40,shape_7,sound_8,sad
#0E283E,shape_7,sound_6,sad
#243079,shape_5,sound_8,sad
#1E4A84,shape_2,sound_8,sad
#34547F,shape_5,sound_6,sad
#1E2E87,shape_1,sound_6,sad
#243D6B,shape_5,sound_8,sad
#2B3351,shape_2,sound_8,sad
#405775,shape_1,sound_6,sad
#223A4D,shape_5,sound_8,sad
#293A4A,shape_7,sound_6,sad
#263781,shape_3,sound_8,sad
#1A2665,shape_7,sound_6,sad
#09253D,shape_7,sound_6,sad
#142140,shape_5,sound_6,sad
#2F445A,shape_1,sound_8,sad
#192F59,shape_5,sound_6,sad
#162635,shape_1,sound_6,sad
#2A4A61,shape_2,sound_8,sad
#214876,shape_5,sound_8,sad
#3F5876,shape_2,sound_6,sad
#1B224E,shape_7,sound_6,sad
#0F2541,shape_2,sound_8,sad
#172943,shape_2,sound_8,sad
#3D4373,shape_1,sound_6,sad
#141F60,shape_2,sound_6,sad
#0F243B,shape_7,sound_6,sad
#21254C,shape_2,sound_6,sad
#0C1738,shape_7,sound_8,sad
#222744,shape_5,sound_8,sad
#162839,shape_2,sound_6,sad
#204A6D,shape_5,sound_8,sad
#2D3E51,shape_5,sound_6,sad
#14457E,shape_7,sound_6,sad
#2E4865,shape_1,sound_8,sad
#4C6587,shape_7,sound_8,sad
#19324C,shape_5,sound_6,sad
#263062,shape_7,sound_8,sad
#902B30,shape_6,sound_9,angry
#ED3425,shape_6,sound_5,angry
#7D131E,shape_3,sound_3,angry
#872E1D,shape_9,sound_3,angry
#A80413,shape_6,sound_7,angry
#9C121B,shape_3,sound_7,angry
#A61C1E,shape_9,sound_5,angry
#83221C,shape_6,sound_7,angry
#CB0F2B,shape_2,sound_9,angry
#721302,shape_2,sound_9,angry
#BC3421,shape_3,sound_7,angry
#C42D45,shape_9,sound_3,angry
#BB2A39,shape_2,sound_7,angry
#730F1F,shape_9,sound_7,angry
#C63B28,shape_2,sound_9,angry
#D82943,shape_6,sound_7,angry
#971A15,shape_6,sound_3,angry
#D33939,shape_3,sound_7,angry
#730A0A,shape_2,sound_9,angry
#EB4E40,shape_6,sound_7,angry
#78080E,shape_2,sound_7,angry
#730707,shape_6,sound_7,angry
#8B271B,shape_3,sound_5,angry
#841B12,shape_9,sound_3,angry
#722A1E,shape_9,sound_7,angry
#7D1D2A,shape_2,sound_7,angry
#8C1C1B,shape_10,sound_7,angry
#B23330,shape_6,sound_3,angry
#940A0E,shape_2,sound_9,angry
#972826,shape_2,sound_7,angry
#902727,shape_9,sound_7,angry
#A8212A,shape_2,sound_9,angry
#792126,shape_6,sound_9,angry
#751717,shape_4,sound_5,angry
#891D14,shape_9,sound_3,angry
#C02F28,shape_7,sound_3,angry
#7E0112,shape_3,sound_5,angry
#A03320,shape_2,sound_3,angry
#72181E,shape_5,sound_5,angry
#E42B38,shape_9,sound_5,angry
#85211C,shape_6,sound_9,angry
#811D29,shape_2,sound_5,angry
#EE4832,shape_6,sound_5,angry
#E8211F,shape_10,sound_5,angry
#7B1F0D,shape_6,sound_5,angry
#981622,shape_3,sound_5,angry
#C51816,shape_2,sound_5,angry
#C92606,shape_9,sound_5,angry
#E13046,shape_6,sound_3,angry
#9E1A1A,shape_3,sound_9,angry
#A01E2D,shape_9,sound_5,angry
#CD1F32,shape_2,sound_9,angry
#D80A09,shape_3,sound_9,angry
#E8434C,shape_6,sound_3,angry
#D02B26,shape_2,sound_3,angry
#C6391D,shape_6,sound_9,angry
#BA374C,shape_6,sound_3,angry
#9E0301,shape_9,sound_3,angry
#A8293D,shape_2,sound_5,angry
#AD2A11,shape_2,sound_3,angry
#941612,shape_9,sound_5,angry
#E05036,shape_9,sound_3,angry
#DD2A0D,shape_2,sound_5,angry
#EF221D,shape_2,sound_3,angry
#EA201E,shape_6,sound_9,angry
#D71B38,shape_9,sound_9,angry
#DA403D,shape_6,sound_3,angry
#99190F,shape_2,sound_9,angry
#D8361B,shape_2,sound_9,angry
#731724,shape_2,sound_9,angry
#E00817,shape_6,sound_3,angry
#B31E2E,shape_2,sound_9,angry
#EE4047,shape_6,sound_5,angry
#D3394C,shape_9,sound_9,angry
#DD0A10,shape_9,sound_5,angry
#A5060D,shape_9,sound_3,angry
#9E0006,shape_3,sound_9,angry
#EE4654,shape_2,sound_5,angry
#A02B16,shape_3,sound_9,angry
#D8050F,shape_3,sound_3,angry
#DA4331,shape_2,sound_3,angry
#DD191D,shape_2,sound_3,angry
#E12A39,shape_9,sound_3,angry
#7A070C,shape_9,sound_5,angry
#9F2714,shape_2,sound_5,angry
#9B1B0D,shape_6,sound_9,angry
#751625,shape_2,sound_9,angry
#C81D32,shape_3,sound_5,angry
#D84234,shape_2,sound_9,angry
#7A1706,shape_2,sound_9,angry
#901F22,shape_2,sound_3,angry
#7A1712,shape_3,sound_5,angry
#E41A26,shape_9,sound_9,angry
#EC1D2C,shape_9,sound_5,angry
#A91529,shape_3,sound_5,angry
#E2463D,shape_9,sound_9,angry
#BE1722,shape_2,sound_5,angry
#C43437,shape_3,sound_9,angry
#DB3750,shape_2,sound_9,angry
#940C1D,shape_3,sound_3,angry
#7E150A,shape_3,sound_5,angry
#870318,shape_9,sound_5,angry
#820E10,shape_2,sound_5,angry
#DE3127,shape_9,sound_5,angry
#AF3A2E,shape_3,sound_5,angry
#A53A29,shape_9,sound_3,angry
#A01D2E,shape_9,sound_3,angry
#D63D33,shape_5,sound_9,angry
#E72F2C,shape_9,sound_9,angry
#F13449,shape_2,sound_5,angry
#B92514,shape_3,sound_5,angry
#E9334D,shape_9,sound_9,angry
#7A020E,shape_6,sound_9,angry
#AF2C17,shape_6,sound_3,angry
#811817,shape_4,sound_3,angry
#BB432B,shape_6,sound_5,angry
#83202A,shape_2,sound_3,angry
#EC4258,shape_9,sound_9,angry
#AB0406,shape_3,sound_5,angry
#D60721,shape_3,sound_3,angry
#F02D28,shape_3,sound_3,angry
#800011,shape_2,sound_5,angry
#A70A1C,shape_9,sound_3,angry
#7D0213,shape_6,sound_5,angry
#BD1222,shape_2,sound_9,angry
#7F2413,shape_2,sound_5,angry
#C82E10,shape_6,sound_5,angry
#930406,shape_6,sound_3,angry
#B04532,shape_9,sound_3,angry
#C22D3C,shape_6,sound_3,angry
#750A06,shape_3,sound_5,angry
#B21D0A,shape_6,sound_5,angry
#EF3721,shape_3,sound_3,angry
#8C1911,shape_2,sound_5,angry
#E40307,shape_3,sound_9,angry
#EB180A,shape_3,sound_9,angry
#960F1F,shape_6,sound_9,angry
#980006,shape_6,sound_3,angry
#D62F3A,shape_6,sound_9,angry
#7A3023,shape_9,sound_3,angry
#E6314F,shape_2,sound_3,angry
#CE323F,shape_3,sound_3,angry
#AB190D,shape_2,sound_9,angry
#AD0016,shape_6,sound_9,angry
#E2364B,shape_6,sound_5,angry
#86090F,shape_6,sound_3,angry
#AF2518,shape_6,sound_9,angry
#7D0A0A,shape_3,sound_3,angry
#8E2A21,shape_9,sound_3,angry
#86111F,shape_6,sound_3,angry
#8C1A17,shape_3,sound_3,angry
#A73522,shape_2,sound_9,angry
#A80C08,shape_6,sound_3,angry
#AE343E,shape_3,sound_9,angry
#7C0B14,shape_1,sound_9,angry
#C20B0B,shape_2,sound_9,angry
#F1161A,shape_6,sound_3,angry
#D41901,shape_6,sound_9,angry
#7E2426,shape_6,sound_9,angry
#951104,shape_2,sound_5,angry
#BB280B,shape_6,sound_9,angry
#D51823,shape_9,sound_3,angry
#BC341A,shape_6,sound_3,angry
#8C251E,shape_2,sound_5,angry
#BE2B3B,shape_9,sound_9,angry
#731F13,shape_9,sound_3,angry
#7F212C,shape_6,sound_3,angry
#782622,shape_3,sound_9,angry
#CC1B2E,shape_3,sound_9,angry
#87141B,shape_6,sound_3,angry
#AF2639,shape_3,sound_5,angry
#AF020D,shape_3,sound_9,angry
#B23E2A,shape_2,sound_5,angry
#892432,shape_3,sound_9,angry
#D93C44,shape_2,sound_3,angry
#B90305,shape_6,sound_3,angry
#73030E,shape_3,sound_3,angry
#81141F,shape_9,sound_5,angry
#E41218,shape_3,sound_3,angry
#9B2A36,shape_2,sound_3,angry
#CF1D02,shape_2,sound_5,angry
#F04744,shape_6,sound_9,angry
#961921,shape_9,sound_5,angry
#B23D28,shape_6,sound_5,angry
#DB4059,shape_3,sound_9,angry
#A54131,shape_3,sound_5,angry
#A6050A,shape_9,sound_5,angry
#821119,shape_3,sound_5,angry
#CA0604,shape_6,sound_5,angry
#AC1403,shape_2,sound_9,angry
#802B21,shape_2,sound_3,angry
#AE0F00,shape_2,sound_3,angry
#8E1B17,shape_2,sound_5,angry
#740301,shape_3,sound_5,angry
#820D03,shape_6,sound_5,angry
#A0322A,shape_6,sound_3,angry
#8C0505,shape_2,sound_9,angry
#A30205,shape_2,sound_5,angry
#BE3339,shape_9,sound_3,angry
#CB0F21,shape_9,sound_9,angry
#567353,shape_4,sound_2,calm
#92C775,shape_5,sound_7,calm
#5BBC69,shape_5,sound_4,calm
#5E8E61,shape_5,sound_7,calm
#72B186,shape_5,sound_4,calm
#5C9650,shape_1,sound_7,calm
#71AD73,shape_1,sound_2,calm
#73A282,shape_8,sound_2,calm
#3A783D,shape_1,sound_7,calm
#6F997B,shape_7,sound_1,calm
#98C1A5,shape_7,sound_1,calm
#718665,shape_4,sound_2,calm
#437644,shape_4,sound_7,calm
#7B9A72,shape_1,sound_7,calm
#83B668,shape_1,sound_1,calm
#94C775,shape_4,sound_6,calm
#78AA76,shape_7,sound_7,calm
#527C5F,shape_1,sound_7,calm
#65946C,shape_4,sound_7,calm
#659350,shape_1,sound_7,calm
#8FC371,shape_5,sound_7,calm
#54795A,shape_1,sound_4,calm
#7FB07C,shape_7,sound_7,calm
#517356,shape_7,sound_7,calm
#7FC574,shape_5,sound_1,calm
#587A57,shape_5,sound_7,calm
#6BB574,shape_5,sound_7,calm
#98C87E,shape_1,sound_7,calm
#367844,shape_1,sound_6,calm
#78916F,shape_1,sound_4,calm
#69954F,shape_5,sound_2,calm
#649266,shape_5,sound_1,calm
#78B88C,shape_5,sound_6,calm
#6FAA76,shape_4,sound_6,calm
#7AC484,shape_7,sound_6,calm
#8AB688,shape_7,sound_4,calm
#77AB8A,shape_7,sound_4,calm
#9CC5A6,shape_5,sound_1,calm
#86B17E,shape_1,sound_4,calm
#87B46A,shape_4,sound_1,calm
#4F7351,shape_7,sound_4,calm
#93B083,shape_4,sound_6,calm
#759A67,shape_4,sound_1,calm
#638C6C,shape_1,sound_6,calm
#637F68,shape_4,sound_1,calm
#75A95D,shape_7,sound_2,calm
#71B87D,shape_5,sound_1,calm
#7FC75C,shape_7,sound_4,calm
#61A673,shape_4,sound_6,calm
#85B165,shape_5,sound_1,calm
#509F4E,shape_4,sound_1,calm
#63BB6B,shape_1,sound_2,calm
#64CA80,shape_7,sound_6,calm
#6C856A,shape_7,sound_4,calm
#489363,shape_4,sound_4,calm
#6FC07A,shape_1,sound_6,calm
#9FC9AE,shape_7,sound_2,calm
#527C59,shape_1,sound_6,calm
#6ABA6C,shape_5,sound_1,calm
#588269,shape_5,sound_2,calm
#94C78F,shape_4,sound_1,calm
#86AA8E,shape_8,sound_2,calm
#789B86,shape_7,sound_2,calm
#587C4B,shape_4,sound_4,calm
#70A75F,shape_4,sound_4,calm
#A0C48E,shape_7,sound_2,calm
#84C274,shape_1,sound_6,calm
#819F7C,shape_4,sound_6,calm
#6FBF69,shape_5,sound_2,calm
#598B58,shape_5,sound_4,calm
#5C8A4F,shape_5,sound_2,calm
#7EC387,shape_4,sound_4,calm
#588660,shape_7,sound_1,calm
#55755E,shape_3,sound_2,calm
#6BBC80,shape_4,sound_2,calm
#528845,shape_1,sound_6,calm
#69A567,shape_7,sound_2,calm
#869F78,shape_7,sound_2,calm
#7F9B7A,shape_4,sound_4,calm
#54875E,shape_1,sound_6,calm
#789F77,shape_2,sound_6,calm
#80B967,shape_5,sound_4,calm
#76A77A,shape_1,sound_4,calm
#528940,shape_1,sound_4,calm
#6FBC7D,shape_1,sound_4,calm
#6C9F62,shape_4,sound_4,calm
#6C8D70,shape_5,sound_2,calm
#5B9256,shape_1,sound_4,calm
#6EA67A,shape_4,sound_2,calm
#6C9963,shape_4,sound_1,calm
#78B27E,shape_5,sound_1,calm
#4E7544,shape_7,sound_4,calm
#96C476,shape_4,sound_4,calm
#94B788,shape_5,sound_6,calm
#448251,shape_5,sound_1,calm
#377349,shape_4,sound_4,calm
#468144,shape_5,sound_4,calm
#97C07D,shape_1,sound_4,calm
#6DAF83,shape_5,sound_6,calm
#4D945F,shape_4,sound_1,calm
#678B55,shape_7,sound_2,calm
#68B762,shape_1,sound_1,calm
#469849,shape_5,sound_6,calm
#6BB27B,shape_4,sound_6,calm
#56A05B,shape_5,sound_4,calm
#95C38D,shape_1,sound_4,calm
#698368,shape_4,sound_6,calm
#96C872,shape_1,sound_4,calm
#4B875E,shape_7,sound_6,calm
#397345,shape_10,sound_4,calm
#5D8267,shape_7,sound_1,calm
#78C461,shape_1,sound_4,calm
#5C7C46,shape_1,sound_1,calm
#4E8140,shape_1,sound_6,calm
#617D50,shape_1,sound_6,calm
#A0CA98,shape_4,sound_1,calm
#5E8A6B,shape_5,sound_2,calm
#71907A,shape_5,sound_4,calm
#447456,shape_7,sound_4,calm
#62A675,shape_7,sound_1,calm
#748F69,shape_7,sound_1,calm
#70916A,shape_1,sound_2,calm
#86BC7C,shape_4,sound_2,calm
#77906D,shape_7,sound_4,calm
#519469,shape_7,sound_1,calm
#449049,shape_5,sound_2,calm
#55B477,shape_5,sound_1,calm
#72AE55,shape_1,sound_6,calm
#7FBA6E,shape_5,sound_2,calm
#8DB197,shape_4,sound_6,calm
#60C27F,shape_1,sound_6,calm
#8DC793,shape_5,sound_4,calm
#5F7D5E,shape_10,sound_2,calm
#5E775C,shape_1,sound_6,calm
#7AAB88,shape_1,sound_2,calm
#4C7954,shape_4,sound_2,calm
#649F72,shape_1,sound_6,calm
#6AB067,shape_7,sound_1,calm
#558143,shape_7,sound_6,calm
#4D8941,shape_4,sound_1,calm
#69916B,shape_4,sound_6,calm
#5D844B,shape_5,sound_6,calm
#4B7858,shape_1,sound_4,calm
#92C6A5,shape_7,sound_1,calm
#5E9448,shape_4,sound_4,calm
#608362,shape_7,sound_1,calm
#5BB074,shape_7,sound_4,calm
#439464,shape_2,sound_4,calm
#5F9255,shape_7,sound_6,calm
#8FB48F,shape_5,sound_1,calm
#729E5C,shape_4,sound_1,calm
#629653,shape_5,sound_4,calm
#66AE61,shape_1,sound_6,calm
#6A9367,shape_4,sound_1,calm
#84A88D,shape_1,sound_2,calm
#77B48E,shape_7,sound_1,calm
#7E9D74,shape_5,sound_2,calm
#85C567,shape_5,sound_2,calm
#A5CAA1,shape_5,sound_1,calm
#65A069,shape_6,sound_6,calm
#6DAB7D,shape_1,sound_1,calm
#79AE56,shape_1,sound_2,calm
#567F60,shape_1,sound_2,calm
#577A49,shape_4,sound_6,calm
#47743E,shape_7,sound_1,calm
#549160,shape_5,sound_1,calm
#90AC84,shape_1,sound_2,calm
#5C7C5F,shape_1,sound_1,calm
#4BA56A,shape_5,sound_1,calm
#5CBB83,shape_7,sound_2,calm
#569769,shape_4,sound_2,calm
#799E86,shape_8,sound_1,calm
#85AF93,shape_7,sound_6,calm
#5F8163,shape_1,sound_6,calm
#5AB352,shape_7,sound_6,calm
#4D7247,shape_1,sound_2,calm
#3E824B,shape_5,sound_2,calm
#799C7A,shape_4,sound_2,calm
#97C993,shape_7,sound_2,calm
#7AA080,shape_5,sound_2,calm
#53765A,shape_4,sound_1,calm
#6EA47F,shape_7,sound_4,calm
#75A682,shape_5,sound_1,calm
#78AB62,shape_4,sound_2,calm
#679167,shape_5,sound_4,calm
#608453,shape_1,sound_4,calm
#65B359,shape_5,sound_1,calm
#438847,shape_7,sound_6,calm
#52783D,shape_1,sound_2,calm
#4E764D,shape_10,sound_1,calm
#5E9062,shape_7,sound_2,calm
#77B67F,shape_1,sound_1,calm
#62785F,shape_5,sound_4,calm
#56845E,shape_5,sound_1,calm
#69AB69,shape_1,sound_1,calm
#84B293,shape_1,sound_4,calm
#5A996E,shape_7,sound_2,calm
#6B895A,shape_5,sound_6,calm
#69B36C,shape_5,sound_6,calm
#6E9B5A,shape_7,sound_4,calm
#7A42AA,shape_9,sound_5,fear
#481F74,shape_1,sound_7,fear
#422B50,shape_6,sound_9,fear
#863AA0,shape_2,sound_5,fear
#761E9C,shape_6,sound_7,fear
#522064,shape_2,sound_5,fear
#4E276F,shape_9,sound_7,fear
#56276E,shape_2,sound_7,fear
#5E2490,shape_9,sound_7,fear
#793994,shape_9,sound_9,fear
#442B52,shape_6,sound_9,fear
#3B0E4F,shape_1,sound_6,fear
#623F7A,shape_1,sound_7,fear
#80329F,shape_1,sound_6,fear
#823CA9,shape_1,sound_9,fear
#743B9E,shape_6,sound_7,fear
#461B67,shape_6,sound_7,fear
#320D56,shape_1,sound_7,fear
#5C3F7A,shape_2,sound_7,fear
#624280,shape_9,sound_7,fear
#6A4185,shape_9,sound_5,fear
#421C63,shape_9,sound_5,fear
#5D1F91,shape_2,sound_9,fear
#4F2B61,shape_1,sound_7,fear
#522961,shape_1,sound_7,fear
#472C65,shape_9,sound_6,fear
#341758,shape_6,sound_6,fear
#60328C,shape_9,sound_9,fear
#753B8D,shape_1,sound_7,fear
#7A27A8,shape_2,sound_7,fear
#3F1A60,shape_1,sound_5,fear
#3F2853,shape_9,sound_7,fear
#5E4280,shape_2,sound_9,fear
#7329AB,shape_9,sound_6,fear
#621F9A,shape_6,sound_5,fear
#79349A,shape_1,sound_9,fear
#894BAE,shape_6,sound_9,fear
#58346E,shape_1,sound_5,fear
#6E34AB,shape_2,sound_6,fear
#6F3F91,shape_4,sound_5,fear
#5C387B,shape_1,sound_5,fear
#37175F,shape_5,sound_5,fear
#3C1560,shape_9,sound_5,fear
#492A61,shape_9,sound_9,fear
#8457A1,shape_6,sound_6,fear
#2E144D,shape_9,sound_6,fear
#6229A6,shape_9,sound_9,fear
#8D4AB1,shape_6,sound_9,fear
#5E2192,shape_1,sound_5,fear
#513366,shape_6,sound_6,fear
#38134D,shape_2,sound_5,fear
#603374,shape_9,sound_5,fear
#390F62,shape_1,sound_9,fear
#36204E,shape_6,sound_5,fear
#9450AE,shape_9,sound_9,fear
#601D7B,shape_2,sound_5,fear
#5D247F,shape_1,sound_6,fear
#702F93,shape_2,sound_6,fear
#492D5C,shape_9,sound_5,fear
#6A347D,shape_1,sound_9,fear
#5C1D89,shape_2,sound_6,fear
#5F137D,shape_1,sound_9,fear
#8E38AC,shape_9,sound_5,fear
#7F2CA5,shape_2,sound_5,fear
#7B4097,shape_9,sound_6,fear
#724F9A,shape_6,sound_9,fear
#3C0D4C,shape_6,sound_6,fear
#59257F,shape_1,sound_5,fear
#41125C,shape_6,sound_9,fear
#8530B1,shape_2,sound_9,fear
#8E50A9,shape_8,sound_6,fear
#704699,shape_9,sound_5,fear
#3B2953,shape_2,sound_6,fear
#3E1C52,shape_9,sound_6,fear
#533C70,shape_1,sound_5,fear
#4D1A94,shape_1,sound_9,fear
#4E1067,shape_9,sound_6,fear
#340E63,shape_9,sound_6,fear
#571372,shape_6,sound_9,fear
#6721A1,shape_1,sound_5,fear
#7F29AF,shape_6,sound_6,fear
#54276E,shape_2,sound_9,fear
#643D99,shape_1,sound_9,fear
#551578,shape_6,sound_9,fear
#63209F,shape_6,sound_6,fear
#6D3689,shape_1,sound_9,fear
#9355A8,shape_9,sound_5,fear
#5E2B92,shape_6,sound_5,fear
#4A2172,shape_9,sound_5,fear
#51285E,shape_6,sound_5,fear
#48226C,shape_2,sound_6,fear
#9248AE,shape_9,sound_9,fear
#8549AD,shape_1,sound_5,fear
#652982,shape_2,sound_5,fear
#4C2D5B,shape_2,sound_5,fear
#864BAF,shape_1,sound_5,fear
#4C1E7F,shape_1,sound_9,fear
#965CAB,shape_6,sound_5,fear
#5A2E76,shape_1,sound_6,fear
#482A5E,shape_2,sound_5,fear
#8645B1,shape_9,sound_6,fear
#824F99,shape_9,sound_6,fear
#8920B1,shape_1,sound_9,fear
#3C1954,shape_2,sound_5,fear
#8C54AB,shape_6,sound_5,fear
#593172,shape_6,sound_9,fear
#673481,shape_9,sound_6,fear
#774B95,shape_6,sound_5,fear
#361B51,shape_6,sound_6,fear
#511F6C,shape_1,sound_6,fear
#662C9D,shape_2,sound_9,fear
#83499A,shape_9,sound_9,fear
#4E196C,shape_1,sound_5,fear
#37164D,shape_6,sound_6,fear
#34184E,shape_1,sound_6,fear
#7A49A9,shape_6,sound_5,fear
#712A93,shape_1,sound_6,fear
#481B6B,shape_2,sound_5,fear
#5C2A71,shape_6,sound_5,fear
#4A2D6C,shape_9,sound_5,fear
#62388B,shape_9,sound_6,fear
#58238A,shape_1,sound_9,fear
#41115A,shape_9,sound_6,fear
#8A4EAA,shape_9,sound_6,fear
#711F9E,shape_9,sound_5,fear
#451458,shape_1,sound_6,fear
#5A3D79,shape_1,sound_6,fear
#5C2987,shape_2,sound_5,fear
#622CA4,shape_4,sound_5,fear
#531E88,shape_9,sound_6,fear
#64388D,shape_1,sound_5,fear
#4A1C72,shape_6,sound_9,fear
#38264D,shape_6,sound_9,fear
#542872,shape_1,sound_9,fear
#5D3575,shape_6,sound_6,fear
#72439E,shape_2,sound_6,fear
#763F8E,shape_6,sound_5,fear
#763E88,shape_2,sound_9,fear
#66317A,shape_6,sound_6,fear
#5F2977,shape_2,sound_9,fear
#7D3D9F,shape_6,sound_9,fear
#401E4D,shape_2,sound_9,fear
#664490,shape_1,sound_6,fear
#533563,shape_9,sound_9,fear
#5A3778,shape_6,sound_5,fear
#613D73,shape_2,sound_5,fear
#501E7D,shape_9,sound_9,fear
#6A399B,shape_6,sound_6,fear
#46115D,shape_9,sound_5,fear
#6D4587,shape_1,sound_5,fear
#481665,shape_6,sound_6,fear
#45225D,shape_9,sound_9,fear
#6B3888,shape_9,sound_9,fear
#381C50,shape_6,sound_6,fear
#7A4C90,shape_9,sound_6,fear
#8536A0,shape_9,sound_9,fear
#7F2FA5,shape_2,sound_6,fear
#782795,shape_9,sound_5,fear
#643298,shape_9,sound_5,fear
#521D95,shape_2,sound_9,fear
#382153,shape_1,sound_6,fear
#513764,shape_2,sound_6,fear
#431481,shape_5,sound_6,fear
#5C2F71,shape_9,sound_6,fear
#884EA4,shape_9,sound_6,fear
#4F3665,shape_6,sound_9,fear
#3C1565,shape_1,sound_5,fear
#5D3971,shape_2,sound_6,fear
#77309A,shape_1,sound_9,fear
#451558,shape_1,sound_6,fear
#824399,shape_2,sound_5,fear
#381557,shape_6,sound_6,fear
#3F2059,shape_6,sound_9,fear
#4C2F63,shape_2,sound_6,fear
#4F3A6B,shape_6,sound_9,fear
#581871,shape_9,sound_9,fear
#7F3F94,shape_1,sound_6,fear
#482060,shape_9,sound_6,fear
#502582,shape_6,sound_9,fear
#602980,shape_9,sound_5,fear
#4B246D,shape_2,sound_6,fear
#441457,shape_6,sound_6,fear
#6C1995,shape_9,sound_6,fear
#4E1971,shape_6,sound_6,fear
#451257,shape_6,sound_5,fear
#351060,shape_9,sound_9,fear
#71429A,shape_6,sound_5,fear
#682F9B,shape_9,sound_6,fear
#4B2C60,shape_2,sound_6,fear
#71368F,shape_9,sound_5,fear
#3A1A53,shape_9,sound_9,fear
#45167C,shape_1,sound_5,fear
#461C64,shape_6,sound_6,fear
#53317D,shape_2,sound_5,fear
#7753A0,shape_2,sound_6,fear
#56396B,shape_9,sound_6,fear
#3D125A,shape_1,sound_9,fear
#8558B0,shape_6,sound_6,fear
#623283,shape_1,sound_5,fear
#512871,shape_9,sound_9,fear
#E60162,shape_1,sound_7,love
#EA0368,shape_3,sound_4,love
#ED1A7A,shape_8,sound_7,love
#F02787,shape_8,sound_7,love
#FE3895,shape_1,sound_5,love
#E71D60,shape_4,sound_7,love
#FE348E,shape_6,sound_7,love
#F10344,shape_4,sound_2,love
#F00946,shape_4,sound_7,love
#F50C6D,shape_8,sound_7,love
#E41267,shape_10,sound_2,love
#F3197F,shape_4,sound_1,love
#FE1E6F,shape_8,sound_7,love
#F53B97,shape_8,sound_7,love
#F52275,shape_10,sound_4,love
#F92482,shape_10,sound_7,love
#F0076C,shape_10,sound_4,love
#E40470,shape_1,sound_1,love
#E80173,shape_8,sound_7,love
#E83366,shape_1,sound_1,love
#EC245D,shape_1,sound_2,love
#E52A75,shape_8,sound_2,love
#EE1D58,shape_1,sound_7,love
#EC267A,shape_1,sound_2,love
#F8267C,shape_10,sound_5,love
#E52F67,shape_8,sound_7,love
#FB3177,shape_4,sound_1,love
#F41D75,shape_8,sound_7,love
#FA3E9C,shape_8,sound_4,love
#FD165B,shape_10,sound_7,love
#E1376A,shape_10,sound_2,love
#E22D85,shape_4,sound_1,love
#FE0277,shape_4,sound_4,love
#EC1349,shape_10,sound_5,love
#EB3067,shape_8,sound_7,love
#FA2C73,shape_10,sound_2,love
#EB2E6A,shape_10,sound_1,love
#FC046E,shape_7,sound_1,love
#EA1977,shape_10,sound_2,love
#F4177A,shape_4,sound_4,love
#ED346D,shape_1,sound_2,love
#E52356,shape_1,sound_2,love
#EC0858,shape_8,sound_2,love
#FB1066,shape_10,sound_5,love
#E02F86,shape_1,sound_2,love
#FA2267,shape_10,sound_5,love
#E32977,shape_8,sound_4,love
#F12E88,shape_8,sound_2,love
#E40154,shape_4,sound_4,love
#FB044E,shape_1,sound_1,love
#F52A65,shape_10,sound_5,love
#E62D7F,shape_1,sound_5,love
#ED0167,shape_1,sound_5,love
#F0278B,shape_1,sound_4,love
#FA3D81,shape_4,sound_5,love
#F10864,shape_4,sound_5,love
#FD156D,shape_1,sound_5,love
#E21F5D,shape_1,sound_5,love
#E91D77,shape_10,sound_1,love
#ED2B73,shape_1,sound_1,love
#F40E7A,shape_10,sound_1,love
#FD0B5A,shape_10,sound_5,love
#ED2576,shape_1,sound_1,love
#E0356A,shape_1,sound_1,love
#FD368F,shape_8,sound_5,love
#F5134E,shape_1,sound_4,love
#E2073E,shape_8,sound_4,love
#F13076,shape_8,sound_4,love
#EA076B,shape_10,sound_2,love
#FD1365,shape_10,sound_5,love
#FC044F,shape_4,sound_4,love
#FD2671,shape_8,sound_5,love
#E11658,shape_4,sound_2,love
#F53072,shape_10,sound_2,love
#F90543,shape_10,sound_2,love
#E00C73,shape_8,sound_1,love
#F80947,shape_1,sound_5,love
#E90B75,shape_10,sound_4,love
#EC1A6B,shape_8,sound_2,love
#F20359,shape_10,sound_1,love
#E90560,shape_4,sound_5,love
#F10656,shape_4,sound_2,love
#EB0248,shape_8,sound_5,love
#E22566,shape_10,sound_1,love
#FC327A,shape_8,sound_4,love
#E5116D,shape_8,sound_2,love
#F70853,shape_10,sound_4,love
#EF145E,shape_4,sound_4,love
#E83386,shape_4,sound_1,love
#F31566,shape_8,sound_1,love
#F3296F,shape_8,sound_4,love
#F02266,shape_8,sound_2,love
#E3356D,shape_1,sound_1,love
#F0336E,shape_8,sound_4,love
#F0086B,shape_4,sound_2,love
#E91971,shape_8,sound_4,love
#EC3979,shape_4,sound_2,love
#E70D6B,shape_8,sound_4,love
#ED237D,shape_1,sound_1,love
#E7066A,shape_4,sound_1,love
#E32254,shape_1,sound_1,love
#FE326E,shape_1,sound_1,love
#F0248A,shape_1,sound_2,love
#F70362,shape_1,sound_5,love
#E5387C,shape_10,sound_2,love
#E62777,shape_10,sound_2,love
#E5255F,shape_1,sound_5,love
#EB3570,shape_10,sound_5,love
#FD115E,shape_1,sound_4,love
#E42E83,shape_8,sound_2,love
#E42576,shape_1,sound_5,love
#EB1360,shape_10,sound_4,love
#F70F4E,shape_8,sound_2,love
#EF2281,shape_1,sound_4,love
#E70E6D,shape_1,sound_2,love
#F6225A,shape_8,sound_2,love
#F60859,shape_10,sound_1,love
#FD0D6F,shape_1,sound_1,love
#E2245F,shape_10,sound_5,love
#FA3D72,shape_1,sound_5,love
#F40B5D,shape_8,sound_4,love
#FE0D4F,shape_10,sound_1,love
#F5358B,shape_1,sound_1,love
#F53A89,shape_10,sound_5,love
#E12353,shape_10,sound_1,love
#F5084F,shape_1,sound_2,love
#EB1C80,shape_10,sound_1,love
#E6014F,shape_8,sound_4,love
#F81874,shape_1,sound_2,love
#F11A6D,shape_1,sound_2,love
#E32680,shape_4,sound_5,love
#F12084,shape_4,sound_4,love
#FA3468,shape_10,sound_2,love
#E11378,shape_4,sound_4,love
#EC0A5D,shape_8,sound_1,love
#E30C5E,shape_4,sound_5,love
#E12768,shape_1,sound_1,love
#F40365,shape_8,sound_2,love
#E33877,shape_4,sound_5,love
#FD2868,shape_10,sound_2,love
#FD2684,shape_8,sound_5,love
#ED2B5F,shape_1,sound_2,love
#F80D71,shape_10,sound_1,love
#EA2A63,shape_10,sound_5,love
#F21B7B,shape_8,sound_5,love
#FB0556,shape_4,sound_2,love
#F9136C,shape_4,sound_4,love
#F40B4B,shape_1,sound_4,love
#F20463,shape_10,sound_5,love
#F92E6A,shape_10,sound_5,love
#F12980,shape_4,sound_1,love
#EB2886,shape_4,sound_4,love
#ED3261,shape_4,sound_4,love
#F60151,shape_10,sound_2,love
#F41368,shape_8,sound_5,love
#E6196A,shape_1,sound_2,love
#E8145E,shape_10,sound_5,love
#E12479,shape_8,sound_2,love
#EC2C73,shape_1,sound_2,love
#F5246A,shape_8,sound_2,love
#E1175D,shape_8,sound_4,love
#F32A8C,shape_8,sound_2,love
#F80E7A,shape_4,sound_4,love
#F71561,shape_8,sound_4,love
#EE287E,shape_8,sound_1,love
#F72387,shape_8,sound_4,love
#EF2F72,shape_10,sound_1,love
#F71D77,shape_10,sound_2,love
#E4094B,shape_4,sound_1,love
#E50B72,shape_10,sound_5,love
#FC2C80,shape_4,sound_5,love
#E82263,shape_10,sound_5,love
#E7205C,shape_4,sound_1,love
#F80859,shape_10,sound_5,love
#FD2B7D,shape_4,sound_4,love
#E6127B,shape_8,sound_2,love
#E61A5E,shape_4,sound_5,love
#EB1F72,shape_4,sound_2,love
#F80B7B,shape_10,sound_5,love
#E6325F,shape_1,sound_1,love
#E92E6F,shape_4,sound_1,love
#F91E89,shape_1,sound_2,love
#F82965,shape_1,sound_5,love
#EE1171,shape_8,sound_4,love
#FE3C8D,shape_1,sound_5,love
#E90450,shape_10,sound_4,love
#EA2E7B,shape_10,sound_4,love
#E42368,shape_1,sound_5,love
#EB0258,shape_4,sound_2,love
#F80849,shape_10,sound_4,love
#F01D7E,shape_10,sound_5,love
#E2074E,shape_1,sound_1,love
#F90063,shape_9,sound_1,love
#E60C53,shape_8,sound_5,love
#E5154D,shape_4,sound_2,love
#FE3B78,shape_4,sound_5,love
#EC0E79,shape_10,sound_5,love
#FC2D88,shape_8,sound_2,love
#FB036B,shape_1,sound_5,love
#F60A7D,shape_10,sound_5,love
